TA843138N01,31500,,1200,WAIT,,1,3.19,
TA842974N01,39000,,1200,WAIT,,55,0.24,
TA843129N01,42500,,1200,WAIT,,3,3.48,1
TA843254N00,48500,,1200,WAIT,,52,0.65,
TA843257N00,48500,,1200,WAIT,,52,0.59,
TA843270N00,48500,,1200,WAIT,,54,1.91,
TA843276N00,48500,,1200,RUN,TAMSP800,56,0.43,1
TA843282N00,48500,,1200,WAIT,,56,1.02,
TA843278N00,48500,,1200,WAIT,,56,6.09,1
TA843280N00,48500,,1200,WAIT,,56,3.03,
TA843281N00,54600,,1200,WAIT,,56,1.85,
TA843092N01,54600,,1200,WAIT,,20,2.60,
TA843279N00,54600,,1200,WAIT,,56,1.67,
TA843286N00,54600,,1200,WAIT,,56,2.99,
TA843284N00,54600,,1200,WAIT,,56,3.00,
TA843277N00,54600,,1200,WAIT,,56,3.69,
TA843275N00,54600,,1200,WAIT,,56,3.70,
TA843043N02,65500,,1200,WAIT,,16,0.90,
TA843105N00,42500,,1200,WAIT,,56,0.33,1
TA843271N00,54600,,1300,WAIT,,56,1.77,
TA843239N00,31500,,1300,WAIT,,56,6.11,
TA843246N00,31500,,1300,WAIT,,56,0.47,
TA843235N00,31500,,1300,WAIT,,56,6.12,
TA843241N00,31500,,1300,WAIT,,56,2.89,
TA843244N00,31500,,1300,WAIT,,56,1.58,
TA843237N00,31500,A5,1300,RUN,TAPHL500,56,0.76,
TA843213N01,39000,,1300,WAIT,,54,8.25,
TA842982N00,39000,,1300,WAIT,,7,4.11,
TA843208N00,39000,,1300,WAIT,,56,7.93,
TA843247N00,42500,,1300,WAIT,,56,1.38,
TA843243N00,42500,,1300,WAIT,,54,4.24,
TA843260N00,42500,,1300,WAIT,,56,6.98,
TA843262N00,42500,,1300,WAIT,,56,6.65,
TA843228N00,42500,,1300,WAIT,,56,14.48,
TA843240N00,42500,,1300,WAIT,,56,10.51,
TA843245N00,42500,,1300,WAIT,,56,9.22,
TA843232N00,42500,,1300,WAIT,,56,11.79,
TA843226N00,42500,,1300,WAIT,,56,15.76,
TA843258N00,42500,,1300,WAIT,,56,7.94,
TA843256N00,42500,,1300,WAIT,,56,3.10,
TA843230N01,42500,,1300,WAIT,,50,0.41,
TA843211N00,42500,A1,1300,RUN,TAPHL100,56,0.43,
TA843274N00,48500,,1300,WAIT,,56,0.14,
TA843198N00,48500,,1300,WAIT,,55,0.44,
TA843250N00,48500,,1300,WAIT,,55,0.36,
TA843264N00,48500,,1300,WAIT,,56,0.40,
TA843272N00,48500,,1300,WAIT,,56,2.47,
TA843248N00,48500,A3,1300,RUN,TAPHL300,55,0.01,
TA843269N00,54600,,1300,WAIT,,56,1.40,
TA843267N00,54600,,1300,WAIT,,56,2.90,
TA843261N00,54600,,1300,WAIT,,56,5.67,
TA843263N00,54600,,1300,WAIT,,56,7.52,
TA843251N00,54600,,1300,WAIT,,56,10.30,
TA843249N00,54600,,1300,WAIT,,56,6.60,
TA843265N00,54600,,1300,WAIT,,56,9.37,
TA843273N00,54600,,1300,WAIT,,56,3.82,
TA843259N00,54600,,1300,WAIT,,56,6.72,
TA843238N00,54600,,1300,WAIT,,56,0.49,
TA843221N01,54600,A4,1300,RUN,TAPHL400,46,0.50,
TA843199N02,31500,,1300,WAIT,,5,0.83,
TA843131N00,39000,,1300,WAIT,,4,2.52,
TA843053N04,65500,,1300,WAIT,,2,2.52,
TA843233N01,31500,A5,1400,WAIT,,47,0.20,
TA843187N00,42500,A1,1400,WAIT,,56,0.17,
TA843203N01,42500,A1,1400,WAIT,,55,2.98,
TA843206N00,42500,A1,1400,WAIT,,56,0.15,1
TA843196N00,48500,A3,1400,WAIT,,55,2.61,1
TA843155N01,48500,A3,1400,WAIT,,5,0.18,
TA843268N00,48500,A3,1400,WAIT,,56,1.05,
TA843266N00,48500,A3,1400,WAIT,,56,0.25,
TA843147N00,54600,A4,1400,WAIT,,55,1.37,
TA843223N00,54600,A4,1400,WAIT,,56,0.58,
TA843236N00,54600,A4,1400,WAIT,,56,2.12,
TA843225N00,31500,A5,1400,WAIT,,56,0.28,
TA843231N00,31500,A5,1400,WAIT,,56,0.33,
TA843201N00,42500,A1,1400,WAIT,,56,0.22,
TA843252N00,48500,A3,1400,WAIT,,56,0.87,
TA843207N00,54600,A4,1400,WAIT,,56,2.43,
TA843186N00,42500,A1,1400,WAIT,,56,0.19,
TA843177N01,42500,A1,1400,WAIT,,56,1.02,
TA843234N00,54600,A4,1400,WAIT,,56,2.34,
TA843197N00,31500,A1,1400,WAIT,,56,2.24,
TA843194N00,31500,A1,1400,WAIT,,56,1.18,1
TA843215N00,31500,A1,1400,WAIT,,55,0.82,
TA843199N00,31500,A1,1400,WAIT,,52,0.84,
TA843214N00,31500,A1,1400,WAIT,,55,2.67,
TA843192N00,31500,A1,1400,RUN,TAWET400,56,0.41,
TA843229N00,31500,A5,1400,WAIT,,56,0.97,
TA843222N01,31500,A5,1400,WAIT,,54,0.94,
TA843220N00,31500,A5,1400,WAIT,,56,1.90,
TA843227N00,31500,A5,1400,WAIT,,56,0.10,1
TA843190N02,31500,A5,1400,WAIT,,51,0.08,
TA843135N01,39000,A5,1400,WAIT,,53,1.20,
TA843217N00,39000,A5,1400,WAIT,,56,2.44,
TA843164N00,39000,A5,1400,WAIT,,56,0.24,
TA843185N00,42500,A1,1400,WAIT,,56,3.53,
TA843184N00,42500,A1,1400,WAIT,,56,1.42,
TA843183N01,42500,A1,1400,RUN,TAWET600,55,0.08,
TA843170N00,42500,A1,1400,WAIT,,56,0.07,
TA843191N00,48500,A3,1400,WAIT,,56,0.05,1
TA843182N00,48500,A3,1400,WAIT,,56,0.27,
TA843153N00,48500,A3,1400,RUN,TAWET800,56,0.20,
TA843219N00,54600,A4,1400,WAIT,,56,0.50,
TA843209N00,54600,A4,1400,WAIT,,56,0.42,
TA843205N01,54600,A4,1400,WAIT,,52,0.05,1
TA843121N00,54600,A4,1400,WAIT,,56,2.32,
TA843053N03,65500,A4,1400,WAIT,,32,0.24,
TA843216N00,31500,A1,1800,WAIT,,56,0.08,
TA842920N00,39000,A5,1800,RUN,TASTR200,56,0.39,
TA843159N00,48500,A3,1800,WAIT,,56,1.14,1
TA843193N01,48500,A3,1800,RUN,TASTR100,54,0.55,1
TA843155N00,48500,A3,1800,RUN,TASTR700,53,0.16,
TA843189N00,48500,A3,1800,WAIT,,54,0.06,
TA843157N00,48500,A3,1800,WAIT,,56,1.19,
TA843163N00,48500,A3,1800,WAIT,,56,3.24,
TA843161N01,48500,A3,1800,WAIT,,54,2.56,
TA842934N02,48500,A3,1800,WAIT,,35,0.74,
TA843149N00,54600,A4,1800,WAIT,,56,0.25,
TA843200N00,54600,A4,1800,WAIT,,56,1.61,
TA843092N00,54600,A4,1800,WAIT,,42,5.38,
TA843202N00,54600,A4,1800,WAIT,,56,0.84,
TA843181N01,42500,A1,2200,WAIT,,54,0.83,
TA843111N00,42500,A1,2200,WAIT,,55,1.09,
TA843123N00,48500,A3,2200,WAIT,,56,0.27,
TA843141N00,48500,A3,2200,WAIT,,55,1.69,
TA843143N00,54600,A4,2200,WAIT,,56,0.23,
TA843178N00,54600,A4,2200,WAIT,,56,0.20,
TA843090N00,54600,A4,2200,WAIT,,54,0.05,
TA842963N04,65500,A4,2200,WAIT,,54,0.68,
TA843171N00,42500,A1,2200,WAIT,,56,1.82,
TA843126N00,48500,A3,2200,WAIT,,56,0.64,
TA843082N00,48500,A3,2200,WAIT,,7,4.41,
TA843098N00,48500,A3,2200,WAIT,,3,0.15,
TA843112N02,48500,A3,2200,WAIT,,4,1.91,
TA843133N00,48500,A3,2200,WAIT,,56,0.60,
TA843114N00,48500,A3,2200,WAIT,,56,1.35,
TA843130N00,54600,A4,2200,WAIT,,56,0.61,
TA843053N00,65500,A4,2200,WAIT,,51,0.49,
TA843175N00,42500,A1,1400,WAIT,,56,3.48,
TA843127N00,42500,A1,2200,WAIT,,55,2.18,
TA843139N00,48500,A3,2200,WAIT,,56,0.42,1
TA843128N00,48500,A3,2200,WAIT,,55,0.37,1
TA842948N00,42500,A1,2200,WAIT,,53,0.15,
TA843144N00,31500,A1,2200,WAIT,,47,3.60,
TA843119N00,39000,A5,2200,WAIT,,56,0.55,
TA843140N00,42500,A1,2200,WAIT,,56,1.87,
TA843173N00,31500,A1,2200,RUN,TACVD200,56,0.86,
TA843138N00,31500,A1,2200,WAIT,,55,0.04,
TA843168N00,31500,A1,2200,WAIT,,56,2.15,
TA843180N00,31500,A1,2200,WAIT,,56,0.31,
TA843038N00,31500,A5,2200,WAIT,,36,0.81,
TA843218N00,31500,A5,2200,WAIT,,56,0.86,
TA843212N00,31500,A5,2200,WAIT,,56,0.30,
TA842982N01,39000,A5,2200,RUN,TACVD500,52,0.43,
TA843158N00,39000,A5,2200,RUN,TACVD600,56,0.05,
TA843167N00,39000,A5,2200,RUN,TACVD700,56,1.78,
TA843131N01,39000,A5,2200,WAIT,,53,0.13,
TA843116N00,39000,A5,2200,RUN,TACVD900,56,0.39,1
TA843060N00,39000,A5,2200,RUN,TACVDC00,52,0.04,
TA842991N00,39000,A5,2200,WAIT,,55,0.10,
TA843154N00,42500,A1,2200,WAIT,,53,0.20,
TA843156N00,42500,A1,2200,RUN,TACVD800,56,0.17,
TA843112N04,48500,A3,2200,RUN,TACVD300,48,0.65,
TA843098N02,48500,A3,2200,WAIT,,52,0.15,
TA843099N00,54600,A4,2200,WAIT,,56,3.22,
TA842987N00,65500,A4,2200,RUN,TACVDD00,55,0.11,
TA843049N01,42500,A1,2200,WAIT,,54,0.52,1
TA843080N02,48500,A3,2200,WAIT,,54,1.53,1
TA843056N00,39000,A5,2200,WAIT,,1,22.52,
TA843069N01,48500,A3,2200,WAIT,,3,7.89,
TA843095N03,54600,A4,2200,WAIT,,1,2.00,
TA843045N01,65500,A4,2200,WAIT,,1,22.52,
TA843047N01,65500,A4,2200,WAIT,,2,0.49,
TA843146N01,39000,A5,3200,WAIT,,54,3.40,
TA843150N00,39000,A5,3200,WAIT,,56,0.34,
TA843077N00,42500,A1,3200,WAIT,,55,1.48,
TA843082N04,48500,A3,3200,WAIT,,46,1.11,
TA842955N00,65500,A4,3200,WAIT,,55,0.98,
TA843169N01,42500,A1,3200,WAIT,,55,0.77,
TA843097N01,54600,A4,3200,WAIT,,28,0.13,
TA843071N03,48500,A3,3200,WAIT,,20,0.03,
TA843101N00,48500,A3,3200,WAIT,,56,0.23,
TA843106N00,31500,A1,3200,WAIT,,56,17.39,
TA843071N02,48500,A3,3200,WAIT,,27,0.19,
TA842956N02,65500,A4,3200,WAIT,,55,7.43,1
TA843188N00,31500,A1,3200,WAIT,,56,0.15,1
TA843109N02,31500,A5,3200,WAIT,,5,0.52,
TA843113N00,31500,A5,3200,WAIT,,56,0.13,
TA843162N00,39000,A5,3200,WAIT,,56,1.11,
TA842911N02,39000,A5,3200,WAIT,,50,0.05,
TA843148N00,39000,A5,3200,RUN,TAMSP100,56,0.16,
TA843134N00,42500,A1,3200,WAIT,,56,3.35,
TA843129N02,42500,A1,3200,RUN,TAMSP500,50,0.14,
TA842946N00,42500,A1,3200,WAIT,,28,1.20,
TA843115N00,42500,A1,3200,WAIT,,56,2.59,
TA843010N01,42500,A1,3200,WAIT,,25,0.20,
TA843026N03,48500,A3,3200,WAIT,,43,4.02,
TA843073N02,48500,A3,3200,WAIT,,45,2.91,
TA843095N01,54600,A4,3200,WAIT,,27,2.02,
TA843097N00,54600,A4,3200,WAIT,,28,0.78,
TA842944N00,65500,A1,3200,WAIT,,55,0.10,
TA842939N03,65500,A1,3200,WAIT,,4,5.78,
TA843047N00,65500,A4,3200,WAIT,,55,0.08,
TA842962N00,65500,A4,3200,WAIT,,56,0.78,
TA843012N01,65500,A4,3200,RUN,TAMSP600,56,0.46,
TA842957N01,65500,A4,3200,RUN,TAMSP700,56,0.68,1
TA843016N00,65500,A4,3200,RUN,TAMSP900,56,1.14,
TA843029N00,65500,A4,3200,WAIT,,54,1.03,
TA843087N00,31500,A1,3200,WAIT,,1,0.28,
TA842959N00,39000,A5,3200,WAIT,,12,0.78,
TA842860N04,42500,A1,3200,WAIT,,32,0.96,
TA842907N00,42500,A1,3200,WAIT,,23,20.79,
TA842755N01,49500,A3,3200,WAIT,,1,0.19,
TA843041N00,65500,A4,3200,WAIT,,3,1.67,1
TA842954N00,65500,A4,3300,WAIT,,56,0.03,
TA843102N00,39000,A5,3300,WAIT,,56,0.99,
TA842994N01,48500,A3,3300,WAIT,,55,0.02,
TA842807N05,65500,A1,3300,WAIT,,12,0.55,1
TA843015N00,65500,A4,3300,WAIT,,55,0.19,
TA842772N09,27500,A1,3300,WAIT,,3,1.43,
TA843030N00,31500,A1,3300,WAIT,,2,2.90,
TA843096N00,31500,A1,3300,WAIT,,56,5.36,
TA843122N00,31500,A5,3300,WAIT,,56,2.23,1
TA843132N00,31500,A5,3300,WAIT,,56,2.32,
TA843109N00,31500,A5,3300,WAIT,,50,0.71,
TA843152N01,31500,A5,3300,WAIT,,55,1.51,
TA843142N00,31500,A5,3300,WAIT,,56,3.29,
TA843160N00,31500,A5,3300,WAIT,,56,4.63,
TA842975N00,39000,A4,3300,WAIT,,8,13.97,
TA843070N00,39000,A5,3300,WAIT,,4,2.23,
TA843088N01,42500,A1,3300,WAIT,,55,2.94,
TA843117N00,42500,A1,3300,WAIT,,56,4.64,
TA843010N02,42500,A1,3300,WAIT,,49,3.84,
TA843107N00,42500,A1,3300,WAIT,,56,2.34,
TA843061N01,48500,A3,3300,WAIT,,54,2.68,
TA843086N01,48500,A3,3300,WAIT,,53,0.39,
TA843084N04,48500,A3,3300,RUN,TAPHL700,53,0.37,
TA843104N00,48500,A3,3300,WAIT,,56,0.36,
TA843095N02,54600,A4,3300,WAIT,,10,1.03,
TA843095N00,54600,A4,3300,WAIT,,18,2.90,
TA842999N00,54600,A4,3300,WAIT,,56,1.16,
TA843039N00,65500,A4,3300,WAIT,,55,0.24,
TA843043N01,65500,A4,3300,RUN,TAPHLB00,55,0.68,
TA843037N01,65500,A4,3300,WAIT,,55,0.71,
TA842953N00,65500,A1,3300,WAIT,,52,6.46,
TA842923N00,65500,A1,3300,WAIT,,56,7.73,
TA843066N00,42500,A1,3400,WAIT,,56,0.06,
TA843076N00,42500,A1,3400,WAIT,,56,0.00,
TA843011N00,48500,A3,3400,WAIT,,55,0.27,
TA843063N00,48500,A3,3400,WAIT,,55,0.37,
TA842934N03,48500,A3,3400,WAIT,,51,0.69,
TA843017N00,48500,A3,3400,WAIT,,52,1.58,
TA843036N01,65500,A4,3400,WAIT,,10,0.70,
TA842984N01,65500,A4,3400,WAIT,,54,0.03,
TA843031N00,65500,A4,3400,WAIT,,56,0.00,
TA842985N01,65500,A4,3400,WAIT,,55,1.12,
TA843050N00,39000,A5,3400,WAIT,,51,0.32,
TA843025N00,65500,A4,3400,WAIT,,56,1.06,
TA843072N01,42500,A1,3400,WAIT,,55,0.13,
TA842882N01,39000,A5,3400,WAIT,,56,0.15,
TA843069N02,48500,A3,3400,WAIT,,52,2.43,
TA843018N00,42500,A1,3400,WAIT,,55,2.22,
TA843009N00,42500,A1,3400,WAIT,,52,1.58,
TA842953N02,65500,A1,3400,WAIT,,10,1.30,
TA843085N00,31500,A1,3400,WAIT,,55,5.03,
TA843089N00,31500,A5,3400,WAIT,,56,2.15,
TA843124N00,31500,A5,3400,RUN,TAWET200,56,0.28,
TA842980N00,39000,A5,3400,WAIT,,56,5.41,
TA843136N00,39000,A5,3400,WAIT,,55,0.24,
TA843020N00,39000,A5,3400,WAIT,,56,4.13,
TA843070N01,39000,A5,3400,WAIT,,55,1.21,
TA842990N00,42500,A1,3400,WAIT,,56,3.53,
TA842919N00,42500,A1,3400,WAIT,,55,2.85,
TA842905N06,42500,A1,3400,WAIT,,54,3.05,
TA842407N09,42500,A1,3400,WAIT,,51,1.38,
TA842809N02,42500,A1,3400,WAIT,,10,3.48,
TA843057N02,48500,A3,3400,WAIT,,50,4.84,
TA843059N01,48500,A3,3400,WAIT,,28,3.83,
TA842755N03,49500,A3,3400,WAIT,,7,1.20,
TA843045N00,65500,A4,3400,WAIT,,55,0.95,
TA843036N00,65500,A4,3400,WAIT,,45,1.39,
TA843033N00,65500,A4,3400,RUN,TAWET700,55,0.33,1
TA843087N01,31500,A1,2401,WAIT,,55,0.24,
TA843051N01,31500,A1,2401,RUN,TADRYD00,46,0.14,
TA843166N00,31500,A5,2401,RUN,TADRY300,56,0.34,
TA843091N00,31500,A5,2401,RUN,TADRY600,56,0.21,
TA842998N00,39000,A5,2401,RUN,TADRY700,56,1.25,1
TA843046N03,39000,A5,2401,RUN,TADRYB00,52,0.25,
TA843064N01,39000,A5,2401,WAIT,,55,0.12,
TA842947N03,39000,A5,2401,WAIT,,46,0.29,
TA843062N00,39000,A5,2401,WAIT,,53,2.19,
TA843035N01,42500,A1,2401,RUN,TADRY100,53,1.41,
TA843040N00,42500,A1,2401,WAIT,,52,0.15,
TA843021N00,65500,A4,2401,RUN,TADRY900,54,0.15,
TA843019N01,65500,A4,2401,WAIT,,55,0.67,
TA843041N02,65500,A4,2401,WAIT,,45,0.20,
TA843093N00,31500,A1,3402,WAIT,,56,1.67,
TA842875N00,42500,A1,3402,WAIT,,56,1.51,
TA842936N01,42500,A1,3402,WAIT,,56,1.50,
TA842988N00,42500,A1,3402,WAIT,,51,0.23,
TA842925N03,42500,A1,3402,WAIT,,46,0.08,
TA842807N02,65500,A1,3402,WAIT,,10,9.50,
TA842942N01,65500,A1,3402,WAIT,,53,2.08,
TA842803N03,27500,A1,3402,WAIT,,51,1.43,
TA843038N01,31500,A1,3402,WAIT,,34,0.78,
TA843067N02,31500,A1,3402,WAIT,,51,2.83,
TA843083N00,31500,A1,3402,WAIT,,56,1.48,
TA842902N01,39000,A1,3402,WAIT,,2,3.85,
TA842830N01,39000,A2,3402,WAIT,,19,4.20,
TA842845N02,39000,A4,3402,WAIT,,8,2.97,
TA842845N03,39000,A4,3402,WAIT,,7,3.90,
TA842856N00,39000,A4,3402,WAIT,,52,0.96,
TA843054N00,39000,A5,3402,WAIT,,56,0.17,
TA843032N00,39000,A5,3402,WAIT,,56,4.52,
TA843074N00,39000,A5,3402,WAIT,,53,2.06,
TA843014N00,39000,A5,3402,WAIT,,55,3.55,
TA842914N01,39000,A5,3402,WAIT,,55,2.22,
TA843005N02,39000,A5,3402,WAIT,,39,0.06,
TA843005N01,39000,A5,3402,RUN,TAWET100,54,0.07,1
TA842927N03,39000,A5,3402,RUN,TAWET300,54,0.26,
TA842965N00,39000,A5,3402,RUN,TAWET500,56,0.34,
TA843056N02,39000,A5,3402,WAIT,,53,0.23,1
TA842862N02,42500,A1,3402,WAIT,,45,0.08,
TA842897N03,42500,A1,3402,WAIT,,56,2.65,1
TA842937N01,65500,A1,3402,WAIT,,50,1.43,
TA842807N06,65500,A1,3402,WAIT,,24,3.22,
TA842933N00,65500,A1,3402,WAIT,,56,3.98,
TA842921N00,65500,A1,3402,WAIT,,55,1.45,
TA842807N00,65500,A4,3402,WAIT,,8,2.99,
TA842805N01,27500,A1,3600,WAIT,,56,3.83,
TA843058N00,31500,A1,3600,RUN,TADRYF00,56,0.32,
TA843042N00,31500,A1,3600,WAIT,,55,0.53,
TA843065N00,31500,A1,3600,WAIT,,56,1.64,
TA843030N01,31500,A1,3600,WAIT,,55,4.67,
TA842887N02,39000,A4,3600,RUN,TADRY200,55,1.03,
TA842901N01,39000,A4,3600,RUN,TADRY400,52,0.92,1
TA842869N00,39000,A4,3600,WAIT,,48,0.02,
TA842843N00,39000,A4,3600,WAIT,,52,0.15,
TA842898N00,39000,A4,3600,WAIT,,56,0.23,
TA842949N01,39000,A5,3600,RUN,TADRYE00,56,1.29,
TA843000N00,39000,A5,3600,WAIT,,56,0.26,
TA843048N00,39000,A5,3600,WAIT,,56,0.12,
TA843002N01,39000,A5,3600,WAIT,,51,0.24,
TA842958N01,65500,A1,3600,WAIT,,55,0.86,
TA842892N00,39000,A5,3800,WAIT,,56,0.87,
TA843006N00,39000,A5,3800,WAIT,,55,0.75,
TA842977N00,39000,A5,3800,RUN,TASTR600,55,0.24,
TA842950N00,42500,A1,3800,WAIT,,56,0.06,
TA842860N03,42500,A1,3800,WAIT,,43,0.06,1
TA842795N02,42500,A1,3800,RUN,TASTRA00,50,0.07,
TA842658N00,49500,A3,3800,WAIT,,36,1.12,
TA842939N00,65500,A1,3800,WAIT,,52,0.15,
TA842895N00,42500,A1,4200,WAIT,,56,0.70,
TA842938N00,42500,A1,4200,WAIT,,53,0.63,
TA842773N00,42500,A1,4200,WAIT,,55,0.73,
TA842877N00,42500,A1,4200,WAIT,,53,1.88,
TA842913N01,42500,A1,4200,WAIT,,51,0.81,
TA842750N04,42500,A1,4200,WAIT,,36,2.10,
TA842871N01,42500,A1,4200,WAIT,,50,0.23,
TA843008N00,42500,A1,4200,WAIT,,56,1.34,
TA842867N01,39000,A5,4200,WAIT,,54,2.28,
TA843028N00,31500,A1,4200,WAIT,,55,0.73,
TA842912N00,39000,A5,4200,WAIT,,56,2.48,
TA842917N00,39000,A2,4200,WAIT,,56,5.06,1
TA842772N05,27500,A1,4200,WAIT,,9,3.26,
TA843023N00,31500,A1,4200,WAIT,,55,0.14,
TA842730N00,31500,A4,4200,WAIT,,1,8.27,
TA842968N00,39000,A2,4200,RUN,TACVDB00,56,0.55,
TA842971N01,39000,A2,4200,WAIT,,52,1.08,
TA842975N08,39000,A4,4200,WAIT,,44,0.54,
TA842864N00,39000,A4,4200,WAIT,,56,4.47,
TA842894N00,39000,A4,4200,WAIT,,56,0.49,
TA843007N00,39000,A5,4200,WAIT,,56,2.89,
TA842970N00,39000,A5,4200,WAIT,,56,1.67,1
TA842801N01,39000,A5,4200,WAIT,,56,1.69,
TA843004N01,39000,A5,4200,RUN,TACVDA00,54,0.79,
TA842896N00,39000,A5,4200,WAIT,,56,1.82,
TA842976N00,39000,A5,4200,WAIT,,56,2.66,
TA842964N00,39000,A5,4200,WAIT,,55,6.36,
TA843075N00,39000,A5,4200,WAIT,,56,1.64,
TA842610N03,42500,A1,4200,RUN,TACVD100,53,0.32,
TA842747N01,42500,A1,4200,RUN,TACVD400,54,0.88,
TA842928N03,42500,A1,4200,WAIT,,52,0.73,
TA843034N01,42500,A1,4200,WAIT,,54,0.08,
TA842798N03,42500,A1,4200,WAIT,,28,2.90,
TA842700N00,49500,A3,4200,WAIT,,56,1.14,
TA842706N03,49500,A3,4200,WAIT,,52,1.21,
TA842761N02,49500,A3,4200,WAIT,,54,1.82,
TA842630N03,49500,A3,4200,WAIT,,3,1.21,
TA842775N01,49500,A3,4200,WAIT,,55,2.00,
TA842824N01,39000,A2,4300,WAIT,,56,6.97,
TA843003N00,39000,A5,4300,WAIT,,55,2.13,
TA842978N00,39000,A5,4300,WAIT,,53,2.72,
TA842772N01,27500,A1,4300,WAIT,,39,1.59,
TA843024N01,31500,A1,4300,WAIT,,53,3.17,
TA843044N00,31500,A1,4300,WAIT,,56,1.54,
TA843079N00,31500,A1,4300,WAIT,,56,4.94,
TA842902N03,39000,A1,4300,WAIT,,53,6.62,
TA842886N00,39000,A1,4300,WAIT,,56,26.70,
TA842916N00,39000,A1,4300,WAIT,,56,15.39,
TA842915N00,39000,A1,4300,WAIT,,56,19.93,
TA842885N01,39000,A2,4300,WAIT,,55,4.28,
TA842906N00,39000,A2,4300,WAIT,,56,0.92,
TA842899N00,39000,A2,4300,WAIT,,56,3.12,
TA842812N01,39000,A2,4300,WAIT,,55,20.92,
TA842918N00,39000,A2,4300,WAIT,,53,5.80,
TA842830N00,39000,A2,4300,WAIT,,47,20.76,
TA842893N00,39000,A2,4300,WAIT,,53,13.69,
TA842945N00,39000,A2,4300,WAIT,,52,4.00,
TA842922N00,39000,A2,4300,WAIT,,52,18.89,
TA842820N03,39000,A2,4300,WAIT,,50,13.40,
TA842826N00,39000,A4,4300,WAIT,,56,12.07,
TA842932N00,39000,A4,4300,WAIT,,56,6.62,
TA842941N02,39000,A4,4300,WAIT,,53,10.56,
TA842882N00,39000,A4,4300,WAIT,,56,12.76,
TA842969N00,39000,A4,4300,WAIT,,56,6.65,
TA842853N00,39000,A4,4300,WAIT,,55,6.41,1
TA842879N00,39000,A4,4300,WAIT,,55,5.51,1
TA842888N00,39000,A4,4300,WAIT,,56,9.81,
TA842966N00,39000,A4,4300,WAIT,,56,11.60,
TA842943N00,39000,A4,4300,WAIT,,56,9.09,
TA842973N00,39000,A4,4300,WAIT,,56,2.17,
TA842909N00,39000,A4,4300,WAIT,,49,0.25,
TA842838N00,39000,A4,4300,RUN,TAPHL800,54,0.27,
TA842836N08,39000,A5,4300,WAIT,,27,3.39,
TA842868N02,39000,A5,4300,WAIT,,50,10.15,
TA842846N01,39000,A5,4300,WAIT,,37,3.62,
TA842874N01,39000,A5,4300,WAIT,,55,9.70,
TA842714N03,39000,A5,4300,WAIT,,53,17.97,
TA842983N00,39000,A5,4300,WAIT,,55,2.24,
TA842929N00,39000,A5,4300,WAIT,,51,4.70,
TA842952N00,39000,A5,4300,WAIT,,56,3.07,
TA842847N01,39000,A5,4300,WAIT,,51,15.49,
TA842997N00,39000,A5,4300,WAIT,,55,0.59,
TA842924N00,39000,A5,4300,WAIT,,56,8.12,1
TA842884N00,39000,A5,4300,WAIT,,56,16.28,
TA842866N01,39000,A5,4300,WAIT,,55,10.99,
TA842839N00,39000,A5,4300,WAIT,,54,0.36,
TA842855N00,39000,A5,4300,WAIT,,56,12.75,
TA842823N01,39000,A5,4300,WAIT,,52,14.10,
TA842828N01,39000,A5,4300,WAIT,,54,7.64,
TA843052N00,39000,A5,4300,WAIT,,54,1.20,
TA842495N06,39000,A5,4300,WAIT,,54,8.96,
TA842959N01,39000,A5,4300,WAIT,,54,0.49,
TA842832N03,39000,A5,4300,WAIT,,52,12.05,
TA842995N00,39000,A5,4300,WAIT,,55,0.71,1
TA842876N00,39000,A5,4300,WAIT,,56,3.45,
TA842972N00,39000,A5,4300,RUN,TAPHLC00,56,0.80,
TA842802N00,42500,A1,4300,WAIT,,55,1.41,
TA842800N02,42500,A1,4300,WAIT,,53,0.16,
TA842751N01,42500,A1,4300,WAIT,,55,7.84,
TA842863N01,42500,A1,4300,WAIT,,54,0.66,
TA842750N02,42500,A1,4300,WAIT,,54,6.71,
TA842628N03,42500,A1,4300,WAIT,,56,0.68,
TA842907N01,42500,A1,4300,RUN,TAPHLD00,56,0.70,
TA842090N08,48500,A3,4300,WAIT,,52,8.66,
TA842081N0C,48500,A3,4300,WAIT,,56,20.20,
TA842077N0C,48500,A3,4300,RUN,TAPHL200,56,0.34,
TA841832N0C,48500,A3,4300,WAIT,,56,0.32,
TA842818N03,39000,A4,4300,WAIT,,3,0.41,
TA842854N00,39000,A5,4400,WAIT,,56,0.07,
TA842793N01,42500,A1,4400,WAIT,,55,0.08,
TA841800N0M,48500,A3,4400,WAIT,,56,1.40,
TA841800N0L,48500,A3,4400,WAIT,,56,0.60,
TA842452N02,49500,A3,4400,WAIT,,18,2.19,
TA842684N02,39000,A4,4400,WAIT,,56,0.05,1
TA842903N03,42500,A1,4400,WAIT,,53,0.43,
TA842740N00,39000,A4,4400,WAIT,,56,4.10,
TA842813N00,39000,A5,4400,WAIT,,55,3.31,
TA842798N01,42500,A1,4400,WAIT,,56,3.65,
TA842752N02,49500,A3,4400,WAIT,,51,1.30,
TA842772N03,27500,A1,4400,WAIT,,9,0.39,
TA842613N01,31500,A4,4400,WAIT,,25,5.36,
TA842782N00,39000,A4,4400,WAIT,,54,0.10,
TA842852N02,39000,A4,4400,WAIT,,54,0.23,
TA842811N02,39000,A4,4400,WAIT,,53,2.95,
TA842865N02,39000,A4,4400,WAIT,,54,1.07,
TA842840N01,39000,A4,4400,WAIT,,54,0.32,
TA842818N00,39000,A4,4400,WAIT,,53,0.42,1
TA842979N00,39000,A5,4400,WAIT,,56,0.05,
TA842780N00,39000,A5,4400,WAIT,,54,0.33,
TA842827N00,39000,A5,4400,WAIT,,55,0.12,
TA842804N01,39000,A5,4400,WAIT,,55,1.73,
TA842834N00,39000,A5,4400,RUN,TADRY500,56,0.92,
TA842799N00,39000,A5,4400,WAIT,,56,0.20,
TA842778N03,42500,A1,4400,WAIT,,51,2.27,
TA842538N0A,42500,A1,4400,WAIT,,56,4.77,
TA842873N01,42500,A1,4400,WAIT,,53,5.38,
TA842472N02,42500,A1,4400,RUN,TADRYC00,51,0.01,
TA842768N00,42500,A1,4400,WAIT,,54,0.01,
TA842733N04,42500,A1,4400,WAIT,,50,0.15,
TA841800N0J,48500,A3,4400,WAIT,,56,2.61,
TA842147N0H,48500,A3,4400,WAIT,,56,5.53,
TA842047N09,48500,A3,4400,WAIT,,56,0.17,
TA841934N08,48500,A3,4400,RUN,TADRYA00,56,0.18,
TA842755N02,49500,A3,4400,WAIT,,50,1.88,
TA842685N00,49500,A3,4400,WAIT,,54,2.29,
TA842762N00,49500,A3,4400,WAIT,,54,0.38,
TA842092N05,48500,A3,4800,WAIT,,56,0.18,
TA842741N03,49500,A3,4800,WAIT,,47,1.12,
TA842904N00,39000,A4,4800,WAIT,,56,0.02,1
TA842781N00,39000,A4,4800,WAIT,,56,2.73,
TA842787N00,39000,A4,4800,WAIT,,55,1.07,
TA842858N00,39000,A4,4800,WAIT,,52,1.28,
TA842829N00,39000,A5,4800,WAIT,,53,0.79,
TA842817N00,39000,A5,4800,WAIT,,54,1.72,
TA842844N02,39000,A5,4800,WAIT,,54,1.75,
TA842833N00,39000,A5,4800,WAIT,,56,1.12,
TA842861N02,42500,A1,4800,WAIT,,54,0.02,
TA842670N01,42500,A1,4800,RUN,TASTR300,55,0.18,
TA842047N0A,48500,A3,4800,WAIT,,55,1.32,
TA842059N05,48500,A3,4800,WAIT,,56,2.64,1
TA842081N0B,48500,A3,4800,WAIT,,56,3.99,1
TA841967N0A,48500,A3,4800,WAIT,,56,2.45,
TA842049N09,48500,A3,4800,RUN,TASTR900,56,0.21,
TA842814N00,39000,A4,5200,WAIT,,55,1.18,
TA842771N04,42500,A1,5200,WAIT,,51,2.85,
TA842758N00,42500,A1,5200,WAIT,,54,0.07,
TA842077N08,48500,A3,5200,WAIT,,56,4.16,
TA842616N00,31500,A4,5200,WAIT,,11,0.25,
TA842696N00,39000,A4,5200,WAIT,,56,4.89,
TA842732N02,39000,A4,5200,RUN,TAITO300,53,0.27,
TA842788N00,39000,A4,5200,WAIT,,56,2.29,
TA842810N00,39000,A4,5200,WAIT,,56,0.62,
TA842870N01,39000,A5,5200,WAIT,,55,2.88,
TA842695N03,39000,A5,5200,WAIT,,4,0.83,
TA842831N02,39000,A5,5200,WAIT,,56,2.51,
TA842848N02,39000,A5,5200,WAIT,,55,2.04,
TA842777N00,39000,A5,5200,RUN,TAITO200,55,0.71,
TA842822N00,39000,A5,5200,WAIT,,56,1.73,
TA842841N00,39000,A5,5200,WAIT,,54,0.11,
TA842849N00,39000,A5,5200,WAIT,,56,1.69,
TA842545N00,42500,A1,5200,WAIT,,56,3.35,
TA842592N01,42500,A1,5200,WAIT,,56,3.61,
TA842606N02,42500,A1,5200,WAIT,,56,3.93,
TA842725N01,42500,A1,5200,RUN,TAITO100,54,0.43,
TA842635N01,42500,A1,5200,WAIT,,53,3.35,
TA842756N00,42500,A1,5200,WAIT,,56,3.89,
TA842149N0A,48500,A3,5200,WAIT,,56,0.66,
TA842721N01,49500,A3,5200,WAIT,,51,0.60,
TA842403N0B,49500,A3,5200,RUN,TAITO400,50,0.25,
TA842611N03,49500,A3,5200,WAIT,,31,8.04,
TA842706N0A,49500,A3,5200,WAIT,,47,1.21,
TA842642N05,49500,A3,5200,WAIT,,3,13.49,
TA842662N00,31500,A4,5200,WAIT,,1,7.55,
TA842666N04,31500,A4,5200,WAIT,,4,0.44,
TA841876N0K,48500,A3,5200,WAIT,,15,17.75,
TA842404N02,49500,A3,5200,WAIT,,27,0.23,
TA842671N00,31500,A4,5200,WAIT,,4,3.63,1
TA841953N0D,48500,A3,5200,WAIT,,50,0.91,
TA841910N0A,48500,A3,5300,WAIT,,56,3.08,
TA842713N00,39000,A5,5300,WAIT,,55,0.18,
TA842109N07,48500,A3,5300,WAIT,,56,1.22,
TA841963N0A,48500,A3,5300,WAIT,,56,2.48,
TA841942N06,48500,A3,5300,WAIT,,56,1.19,
TA841967N0C,48500,A3,5300,WAIT,,56,2.79,
TA842719N01,31500,A4,5300,WAIT,,55,1.48,
TA842496N00,31500,A4,5300,WAIT,,56,0.54,
TA842643N00,31500,A4,5300,WAIT,,40,0.12,
TA842356N06,31500,A5,5300,WAIT,,2,0.04,
TA841964N00,39000,A1,5300,WAIT,,48,3.13,
TA842815N00,39000,A4,5300,WAIT,,56,9.05,1
TA842794N00,39000,A4,5300,WAIT,,56,4.00,
TA842763N00,39000,A4,5300,WAIT,,53,3.08,
TA842770N00,39000,A4,5300,WAIT,,56,7.38,
TA842790N00,39000,A4,5300,WAIT,,56,3.05,
TA842842N00,39000,A4,5300,RUN,TAPHL900,55,0.74,
TA842789N01,39000,A5,5300,WAIT,,56,1.90,
TA842825N00,39000,A5,5300,WAIT,,56,1.90,
TA842702N01,39000,A5,5300,WAIT,,56,6.61,
TA842835N00,39000,A5,5300,WAIT,,56,0.63,
TA842722N00,39000,A5,5300,RUN,TAPHL600,56,0.77,
TA842731N00,42500,A1,5300,WAIT,,55,0.34,
TA842656N00,42500,A1,5300,WAIT,,56,4.72,
TA842391N02,42500,A1,5300,WAIT,,51,2.09,
TA842492N01,42500,A1,5300,RUN,TAPHLA00,56,0.12,
TA842558N03,42500,A1,5300,WAIT,,46,2.21,
TA842553N01,42500,A1,5300,WAIT,,50,1.71,
TA841966N0C,48500,A3,5300,WAIT,,2,1.31,
TA842630N04,49500,A3,5300,WAIT,,51,0.16,1
TA842681N01,49500,A3,5300,WAIT,,53,4.91,
TA842347N01,49500,A3,5300,WAIT,,47,2.58,
TA842699N00,49500,A3,5300,WAIT,,53,4.10,
TA842588N00,49500,A3,5300,WAIT,,54,0.09,
TA842451N03,49500,A3,5300,WAIT,,52,1.78,
TA842774N00,49500,A3,5300,WAIT,,53,0.16,
TA842739N03,49500,A3,5300,WAIT,,52,3.30,
TA842659N00,49500,A3,5300,WAIT,,55,5.81,
TA842724N00,31500,A4,5300,WAIT,,1,9.18,
TA842568N04,31500,A4,5300,WAIT,,2,6.95,
TA842695N05,39000,A5,5300,WAIT,,2,7.02,
TA842454N05,42500,A1,5300,WAIT,,52,0.33,
TA842344N01,42500,A1,5800,RUN,TASTR500,56,0.14,
TA842671N01,31500,A4,5400,WAIT,,52,0.38,
TA842690N02,39000,A4,5400,WAIT,,54,0.26,
TA841933N07,48500,A3,5400,WAIT,,56,0.65,
TA842642N03,49500,A3,5400,WAIT,,50,0.45,
TA842677N02,49500,A3,5400,WAIT,,49,0.27,
TA842637N01,49500,A3,5400,WAIT,,54,2.83,
TA842662N02,31500,A4,5400,WAIT,,53,0.09,
TA842819N01,39000,A4,5400,WAIT,,54,0.20,
TA842707N00,39000,A5,5400,WAIT,,56,1.22,
TA842282N00,39000,A1,5400,WAIT,,10,0.10,
TA842609N01,42500,A1,5400,WAIT,,56,0.02,
TA842055N0D,48500,A3,5400,WAIT,,56,0.05,
TA841972N06,48500,A3,5400,WAIT,,56,0.06,
TA841805N0K,48500,A3,5400,WAIT,,54,0.07,
TA842077N0B,48500,A3,5400,WAIT,,56,0.07,
TA842649N00,49500,A3,5400,WAIT,,56,0.19,
TA842551N07,49500,A3,5400,WAIT,,56,8.36,
TA842585N00,42500,A1,5400,WAIT,,56,0.14,
TA841894N0B,48500,A3,5400,WAIT,,56,0.09,
TA842452N01,49500,A3,5400,WAIT,,56,0.20,
TA842613N00,31500,A4,5400,WAIT,,52,0.07,
TA841879N09,48500,A3,5400,WAIT,,56,0.01,
TA842738N00,31500,A4,5400,WAIT,,53,0.44,
TA842816N00,39000,A4,5400,WAIT,,56,1.54,
TA842786N01,39000,A4,5400,WAIT,,56,0.10,
TA842687N00,39000,A4,5400,WAIT,,54,0.99,
TA842665N00,39000,A4,5400,WAIT,,50,4.48,
TA842742N00,39000,A4,5400,RUN,TAWETA00,56,0.45,
TA842710N00,39000,A5,5400,WAIT,,56,0.14,
TA842791N00,39000,A5,5400,WAIT,,56,0.09,
TA842689N00,42500,A1,5400,WAIT,,52,0.09,
TA842691N01,42500,A1,5400,WAIT,,55,1.38,
TA842463N01,42500,A1,5400,WAIT,,43,1.05,
TA842583N00,42500,A1,5400,WAIT,,55,4.93,
TA842053N08,48500,A3,5400,WAIT,,56,4.14,
TA842047N0C,48500,A3,5400,WAIT,,43,1.14,
TA842074N0B,48500,A3,5400,WAIT,,9,0.29,
TA842748N01,49500,A3,5400,WAIT,,49,0.53,
TA842741N02,49500,A3,5400,WAIT,,50,1.07,
TA842519N02,49500,A3,5400,WAIT,,54,0.18,
TA842658N01,49500,A3,5400,WAIT,,53,3.88,
TA842611N02,49500,A3,5400,WAIT,,52,5.40,
TA842444N03,49500,A3,5400,RUN,TAWET900,53,0.53,
TA842661N02,49500,A3,5400,RUN,TAWETB00,50,0.40,
TA842797N00,39000,A4,5800,WAIT,,56,0.99,
TA842734N00,39000,A4,5800,WAIT,,54,0.35,
TA842792N00,39000,A4,5800,WAIT,,55,0.86,
TA842674N01,39000,A5,5800,WAIT,,54,0.31,
TA842753N01,49500,A3,5800,RUN,TASTR400,45,0.44,
TA842338N03,49500,A3,5800,RUN,TASTR800,50,0.20,
TA842550N04,49500,A3,5800,WAIT,,48,0.30,
TA842730N03,31500,A4,5900,WAIT,,53,2.31,
TA842724N02,31500,A4,5900,WAIT,,54,4.34,
TA842692N02,39000,A5,5900,WAIT,,50,5.62,
TA842594N05,42500,A1,5900,WAIT,,48,0.08,
TA842403N09,49500,A3,5900,WAIT,,41,3.89,
TA842806N00,39000,A5,5900,WAIT,,56,3.35,
TA841515N3W,42500,A1,5900,WAIT,,54,1.12,
TA842737N00,31500,A4,5900,WAIT,,56,0.91,
TA842456N02,42500,A1,5900,WAIT,,42,2.78,
TA842666N05,31500,A4,5900,RUN,TAOVN100,50,2.17,
TA842562N02,31500,A4,5900,RUN,TAOVN200,54,2.71,
TA842688N00,39000,A4,5900,WAIT,,56,0.01,
TA842664N00,39000,A4,5900,WAIT,,44,0.78,
TA842676N00,39000,A4,5900,RUN,TAOVN300,55,3.40,
TA842664N02,39000,A4,5900,WAIT,,10,0.17,1
TA842678N02,39000,A5,5900,WAIT,,51,0.23,
TA842372N00,39000,A5,5900,WAIT,,26,0.16,
TA842475N03,42500,A1,5900,WAIT,,50,1.36,
TA841960N0B,48500,A3,5900,WAIT,,55,1.11,
TA841797N09,48500,A3,5900,WAIT,,54,0.46,
TA841830N05,48500,A3,5900,WAIT,,56,0.08,
TA842625N09,49500,A3,5900,RUN,TAOVN400,52,2.11,
TA842631N00,49500,A3,5900,WAIT,,55,1.02,
TA842574N04,49500,A3,5900,WAIT,,51,0.27,
TA842522N00,49500,A3,5900,WAIT,,50,0.78,
TA842626N00,49500,A3,5900,WAIT,,54,0.21,
TA842524N04,49500,A3,5900,WAIT,,55,0.78,
TA842678N00,39000,A5,5900,WAIT,,4,0.93,
TA843110N01,48500,A3,2200,WAIT,,55,4.22,
TA843026N01,48500,A3,2200,WAIT,,20,3.20,
TA843041N01,65500,A4,3400,WAIT,,10,1.11,
TA842784N00,39000,A5,4800,WAIT,,52,0.14,
TA842743N01,39000,A4,4800,WAIT,,54,0.03,
TA841963N0B,48500,A3,5200,WAIT,,56,22.86,
TA841966N0H,48500,A3,5400,WAIT,,49,0.32,
